smiles,logSolubility
Clc1ccc(Cl)c(c1)c2ccc(Cl)c(Cl)c2,-7.25
CNC(=O)Oc1ccccc1C2OCCO2,-1.57
ClC(=C(Cl)Cl)Cl,-2.54
O=C1NC(=O)NC(=O)C1(C)CC,-1.228
CCNc1nc(NC(C)C)nc(SC)n1,-3.04
Cc1cccc(C)c1O,-1.29
CC1OC(CC(O)C1O)OC2C(O)CC(OC2C)OC8C(O)CC(OC7CCC3(C)C(CCC4C3CC(O)C5(C)C(CCC45O)C6=CC(=O)OC6)C7)OC8C,-4.081
CC(=C)C(=C)C,-2.4
Cc1cccc(N)c1,-0.85
CCCCCCCCCC(=O)OC,-4.69
Cc1ccccc1C,-2.8
Sc1nccc(=O)[nH]1,-2.273
ClCC(C)C,-2.0
CN(C)C(=O)Nc1ccc(C)c(Cl)c1,-3.483
CCCCCC=C,-3.73
CN(C)C(=O)Nc1ccc(c(Cl)c1)n2nc(oc2=O)C(C)(C)C,-4.328
Fc1cccc(Br)c1,-2.67
CCCCOCCO,-0.42
CC(C)C=C,-2.73
CC12CC(O)C3C(CCC4=CC(=O)C=CC34C)C2CCC1(O)C(=O)CO,-3.18
CC1(OC(=O)N(C1=O)c2cc(Cl)cc(Cl)c2)C=C,-4.925
C1CCCCCCC1,-4.15
Clc1cc(Cl)c(cc1Cl)c2cccc(Cl)c2Cl,-7.21
Brc1ccc(Br)cc1,-4.07
O=C1N(C2CCC(=O)NC2=O)C(=O)c3ccccc13,-2.676
CCCCc1c(C)nc(nc1O)N(C)C,-2.24
CCCC(O)CC,-0.8
c1cc2cccc3c4cccc5cccc(c(c1)c23)c54,-8.804
CCOP(=S)(OCC)ON=C(C#N)c1ccccc1,-4.862
CC(=C)C,-2.33
CCCC(C)(C)CO,-1.52
CCN(CC)C(=O)C(C)Oc1cccc2ccccc12,-3.57
Cc1ccccc1N(=O)=O,-2.33
CCCCCC(=O)OC,-1.87
Clc1ccc(c(Cl)c1)c2ccc(Cl)c(Cl)c2Cl,-7.8
Cn2cc(c1ccccc1)c(=O)c(c2)c3cccc(c3)C(F)(F)F,-4.445
CCCCCCC(=O)OCC,-2.74
CSSC,-1.44
COC(=O)c1ccccc1C(=O)OC,-1.66
CC(=O)C1(O)CCC2C3CCC4=CC(=O)CCC4(C)C3CCC21C,-3.817
CC34CCc1c(ccc2cc(O)ccc12)C3CCC4=O,-5.24
CCCN(=O)=O,-0.8
Cc1ccc(cc1)S(=O)(=O)N,-1.74
CC(=O)Nc1ccc(Cl)cc1,-2.843
Cc2cnc1cncnc1n2,-0.8540000000000001
CC12CCC3C(CCC4=CC(=O)CCC34C)C2CCC1O,-4.02
FC(F)(F)c1cccc(c1)N2CC(CCl)C(Cl)C2=O,-4.047
COC(=O)C,0.46
CCC#CCC,-1.99
Clc1ccc(Cl)c(c1)c2c(Cl)c(Cl)c(Cl)c(Cl)c2Cl,-8.94
Oc2cc(O)c1C(=O)CC(Oc1c2)c3ccc(O)c(O)c3,-3.62
ClC(Cl)(Cl)N(=O)=O,-2.0
CCOP(=S)(OCC)Oc1ccc(cc1)S(C)=O,-2.3
Cc1cc(C)c(C)cc1C,-4.59
CCC(C)C,-3.18
CC(C)(C)CO,-0.4
Oc1cc(Cl)c(Cl)cc1Cl,-2.21
c1ccc2c(c1)[nH]c3ccccc32,-5.27
c1ccnnc1,1.1
CCCC(C)C1(CC)C(=O)NC(=S)NC1=O,-3.36
CCCOC(=O)CCC,-1.75
c1ccc2c3c(ccc2c1)c4cccc5cccc3c45,-8.0
c1ccc2cnccc2c1,-1.45
Oc1c(Cl)cccc1Cl,-1.79
CCCI,-2.29
CCOc1ccc(NC(=O)C)cc1,-2.35
COc1ccc(cc1)N(=O)=O,-2.41
O=C(Nc1ccccc1)Nc2ccccc2,-3.15
CCCCCCCCCCCC(=O)OC,-4.69
CCCCN(C)C(=O)Nc1ccc(Cl)c(Cl)c1,-4.77
CCCCCCCC(=O)OCC,-3.39
O=C1N(COC(=O)CCCCC)C(=O)C(N1)(c2ccccc2)c3ccccc3,-5.886
CCCOP(=S)(OCCC)SCC(=O)N1CCCCC1C,-4.15
Cc3nnc4CN=C(c1ccccc1Cl)c2cc(Cl)ccc2n34,-4.09
CC(=O)OCC(=O)C3(O)CCC4C2CCC1=CC(=O)C=CC1(C)C2C(O)CC34C,-4.37
CNC(=O)Oc1ccc(N(C)C)c(C)c1,-2.36
C=CC#N,0.15
CC(C)Oc1cc(c(Cl)cc1Cl)n2nc(oc2=O)C(C)(C)C,-5.696000000000001
O=C1NC(=O)NC(=O)C1(CC)CC=C(C)C,-2.253
Oc1ccc(c(O)c1)c3oc2cc(O)cc(O)c2c(=O)c3O,-3.083
C1CCC2CCCCC2C1,-5.19
CC(C)Br,-1.59
CC(C)Cc1ccccc1,-4.12
Cc1ccc(cc1N(=O)=O)N(=O)=O,-2.82
CC(C)N(C(C)C)C(=O)SCC(=CCl)Cl,-4.2860000000000005
CCc1cccc2ccccc12,-4.17
CC(=O)SC4CC1=CC(=O)CCC1(C)C5CCC2(C)C(CCC23CCC(=O)O3)C45,-4.173
CC=CC=O,0.32
OCC1OC(O)(CO)C(O)C1O,0.64
Nc1ccc(cc1)S(N)(=O)=O,-1.34
O=C(C=CC=Cc2ccc1OCOc1c2)N3CCCCC3,-3.46
CCC1(C(C)C)C(=O)NC(=O)NC1=O,-2.21
CCCC1C(=O)N3N(C1=O)c2cc(C)ccc2N=C3N(C)C,-3.5380000000000003
CC1(C)C(C=C(Br)Br)C1C(=O)OC(C#N)c2cccc(Oc3ccccc3)c2,-8.402000000000001
COc2c1occc1cc3ccc(=O)oc23,-3.664
NC(=O)c1ccccc1O,-1.82
O2c1ccccc1N(C)C(=O)c3cccnc23,-3.672
Cc1cncc(C)c1,0.38
Cc2c(N)c(=O)n(c1ccccc1)n2C,-0.624
CCCCCC(C)O,-1.55
CON(C)C(=O)Nc1ccc(Cl)c(Cl)c1,-3.592
CN(C)c1ccccc1,-1.92
Fc1ccccc1Br,-2.7
CCC(C)n1c(=O)[nH]c(C)c(Br)c1=O,-2.523
Clc1ccc(cc1)C(c2ccc(Cl)cc2)C(Cl)(Cl)Cl,-7.15
Cc1c(C)c(C)c(C)c(C)c1C,-5.23
Nc1ccccc1,-0.41
O=C2NC(=O)C1(CCC1)C(=O)N2,-1.655
Oc1ccc(Cl)cc1Cl,-1.55
OCC1OC(OC2C(O)C(O)C(O)OC2CO)C(O)C(O)C1O,-0.244
CCC=O,0.58
CCCC/C=C/C,-3.82
Oc1ccccn1,1.02
OC1CCCCC1,-0.44
CC(=O)OC3(CCC4C2CCC1=CC(=O)CCC1C2CCC34C)C#C,-4.8
O=Cc2ccc1OCOc1c2,-1.63
CSC,-0.45
CC(=O)OC3CCC4C2CCC1=CC(=O)CCC1(C)C2CCC34C,-5.184
O=C(Cn1ccnc1N(=O)=O)NCc2ccccc2,-2.81
Cc1cccc(C)c1NC(=O)c2cc(c(Cl)cc2O)S(N)(=O)=O,-3.79
CC/C=C/C,-2.54
OCC(O)COC(=O)c1ccccc1Nc2ccnc3cc(Cl)ccc23,-4.571000000000001
Oc1cccc(O)c1,0.81
CC(=O)OCC(=O)C3(O)C(CC4C2CCC1=CC(=O)C=CC1(C)C2(F)C(O)CC34C)OC(C)=O,-4.13
c2ccc1scnc1c2,-1.5
O(c1ccccc1)c2ccccc2,-3.96
CCCN(CCC)c1c(cc(cc1N(=O)=O)C(F)(F)F)N(=O)=O,-5.68
Cc1ccc(cc1)N(=O)=O,-2.49
Clc1ccc(cc1)c2ccccc2Cl,-5.28
COc1ccccc1O,-1.96
c1c(NC(=O)OC(C)C(=O)NCC)cccc1,-1.83
O=C1N(COC(=O)C)C(=O)C(N1)(c2ccccc2)c3ccccc3,-4.47
CC(C)(C)c1ccccc1,-3.66
COc1nc(NC(C)C)nc(NC(C)C)n1,-2.478
Oc1cccc(c1)N(=O)=O,-1.01
CC(C)Cl,-1.41
C,-0.9
OCCOc1ccccc1,-0.7
Brc1ccc2ccccc2c1,-4.4
OCCCC=C,-0.15
c1ccsc1,-1.33
O=C2CN(N=Cc1ccc(o1)N(=O)=O)C(=O)N2,-3.38
CC(C)I,-2.09
CCCCC=O,-0.85
Fc1cccc(F)c1C(=O)NC(=O)Nc2cc(Cl)c(F)c(Cl)c2F,-7.28
CCC(C)(C)C,-3.55
CCCSCCC,-2.58
C1(=O)NC(=O)NC(=O)C1(O)C2(O)C(=O)NC(=O)NC2(=O),-1.99
O=C1NC(=O)NC(=O)C1(CC)CC,-2.4
CC1CO1,-0.59
CCC,-1.94
CCCCN(CC)C(=O)SCCC,-3.53
O=C1NC(=O)NC(=O)C1(C(C)CCC)CC=C,-2.356
Clc1ccc(cc1)c2ccc(Cl)cc2,-6.56
Oc1ccc2ccccc2c1,-2.28
COc1ccc(C=CC)cc1,-3.13
CC2(C)C1CCC(C)(C1)C2=O,-1.85
c1ccccc1C(O)C(O)c2ccccc2,-1.93
CCCCSP(=O)(SCCCC)SCCCC,-5.14
c1nccc(C(=O)NN)c1,0.009
CCCCO,0.0
BrCCBr,-1.68
Cc1ccccc1O,-0.62
c1ccc2cc3cc4ccccc4cc3cc2c1,-8.6
ClC1C(Cl)C(Cl)C(Cl)C(Cl)C1Cl,-4.64
CNC(=O)Oc1cc(C)cc(C)c1,-2.5810000000000004
ClC1(C2(Cl)C3(Cl)C4(Cl)C5(Cl)C1(Cl)C3(Cl)Cl)C5(Cl)C(Cl)(Cl)C24Cl,-6.8
ClCBr,-0.89
CS(=O)(=O)c1ccc(cc1)C(O)C(CO)NC(=O)C(Cl)Cl,-2.154
COP(=S)(OC)Oc1ccc(Sc2ccc(OP(=S)(OC)OC)cc2)cc1,-6.237
Cc1cc2ccccc2cc1C,-4.72
C1CCCCCC1,-3.51
CCCOCCC,-1.62
c1ccc2c(c1)c3ccccc3c4ccccc24,-6.726
CCc1cccc(C)c1N(C(C)COC)C(=O)CCl,-2.73
CC(C)C1CCC(C)CC1O,-2.53
CC=C,-1.08
CCCC(O)CCC,-1.4
CCCCCCCC,-5.24
ClCC(Cl)(Cl)Cl,-2.18
c1(O)cc(O)ccc1CCCCCC,-2.59
CCOC(=O)c1ccccc1S(=O)(=O)NN(C=O)c2nc(Cl)cc(OC)n2,-4.5760000000000005
CCCCOC(=O)c1ccccc1C(=O)OCCCC,-4.4
CC(=O)C1CCC2C3CCC4=CC(=O)CCC4(C)C3CCC12C,-4.42
O=N(=O)c1cccc2ccccc12,-3.54
CN2C(=O)CN=C(c1ccccc1)c3cc(ccc23)N(=O)=O,-3.796
COCCCNc1nc(NC(C)C)nc(SC)n1,-2.928
Oc1ccncc1,1.02
CC1=C(SCCO1)C(=O)Nc2ccccc2,-3.14
Nc1ccc(O)cc1,-0.8
Brc1cccc2ccccc12,-4.35
ClC1CC2C(C1Cl)C3(Cl)C(=C(Cl)C2(Cl)C3(Cl)Cl)Cl,-6.86
ClC(=C)Cl,-1.64
CCC1(C(=O)NC(=O)NC1=O)C2=CCC3CCC2C3,-2.696
Clc1cc(Cl)cc(Cl)c1,-4.48
CNc2cnn(c1cccc(c1)C(F)(F)F)c(=O)c2Cl,-4.046
ClC(Cl)C(Cl)(Cl)SN2C(=O)C1CC=CCC1C2=O,-5.4
CCCCC(C)CC,-5.16
CC#C,-0.41
CN(C)C(=S)SSC(=S)N(C)C,-3.9
c3ccc2nc1ccccc1cc2c3,-3.67
CC(C)C(C)C(C)C,-4.8
Clc1ccc(Cl)c(Cl)c1,-3.59
COP(=O)(OC)OC(Br)C(Cl)(Cl)Br,-2.28
c1c(OC)c(OC)C2C(=O)OCC2c1,-1.899
CC(C)c1ccc(C)cc1,-3.77
CCN(CC)c1c(cc(c(N)c1N(=O)=O)C(F)(F)F)N(=O)=O,-5.47
C(c1ccccc1)c2ccccc2,-4.08
CC1CC2C3CCC(O)(C(=O)C)C3(C)CC(O)C2(F)C4(C)C=CC(=O)C=C14,-4.099
Clc1cc(Cl)c(cc1Cl)c2cc(Cl)c(Cl)cc2Cl,-8.56
c1ccc2c(c1)c3cccc4cccc2c34,-6.0
Clc1ccccc1N(=O)=O,-2.55
CCCC1COC(Cn2cncn2)(O1)c3ccc(Cl)cc3Cl,-3.4930000000000003
C1Cc2c3c1cccc3cc4c2ccc5ccccc54,-7.85
COC(=O)c1cc(O)c(O)c(O)c1,-1.24
CCCC(C)(C)O,-0.49
Cc1ccc2c(ccc3ccccc32)c1,-5.84
FC(F)(F)c1ccccc1,-2.51
CCN2c1ncccc1N(CC)C(=O)c3cccnc23,-2.86
CCCCCCCCCCCCCCCCO,-7.0
CN(C)C(=O)C(c1ccccc1)c2ccccc2,-2.98
CC1(C)C2CCC1(C)C(O)C2,-2.32
CCOP(=S)(OCC)SCCSCC,-4.23
CCCCCCCCC,-5.88
CCCOC(=O)c1ccc(N)cc1,-2.452
OC3N=C(c1ccccc1Cl)c2cc(Cl)ccc2NC3=O,-3.604
Cc1cc(C)c(O)c(C)c1,-2.05
Nc1ccccc1Cl,-1.52
O=C1NC(=O)NC(=O)C1(C(C)C)C(C)C,-2.766
CC(C)C(C(=O)OC(C#N)c1cccc(Oc2ccccc2)c1)c3ccc(OC(F)F)cc3,-6.876
CCOC(=O)CC(SP(=S)(OC)OC)C(=O)OCC,-3.37
COP(=O)(NC(C)=O)SC,0.54
CCCCC(C)O,-0.89
ClC(=C(Cl)C(=C(Cl)Cl)Cl)Cl,-4.92
O2c1ccc(N)cc1N(C)C(=O)c3cc(C)ccc23,-3.928
CN2C(=O)CN=C(c1ccccc1)c3cc(Cl)ccc23,-3.754
COc2ncc1nccnc1n2,-1.11
Cc1cc(C)cc(C)c1,-3.4
Oc1ccc(O)cc1,-0.17
Nc1nccs1,-0.36
Oc1cccc2ccccc12,-2.22
COC(=O)C1=C(C)NC(=C(C1c2ccccc2N(=O)=O)C(=O)OC)C,-4.76
CC(C)c1ccccc1C,-3.76
CC(=O)N,1.58
COP(=S)(OC)SCC(=O)N(C)C=O,-1.995
CN(=O)=O,0.26
O=C2NC(=O)C1(CCCCCCC1)C(=O)N2,-2.982
Cc1c[nH]c(=O)[nH]c1=O,-1.506
CC(=O)OCC(=O)C3(O)CCC4C2CCC1=CC(=O)CCC1(C)C2C(=O)CC34C,-4.21
Clc1cccc(Cl)c1,-3.04
COC(=O)c1ccccc1OC2OC(COC3OCC(O)C(O)C3O)C(O)C(O)C2O,-0.742
C1C(O)CCC2(C)CC3CCC4(C)C5(C)CC6OCC(C)CC6OC5CC4C3C=C21,-7.32
c1ccccc1NC(=O)c2c(O)cccc2,-3.59
O=C1NC(=O)C(=O)N1,-0.4
CC(C)(C)C(=O)C(Oc1ccc(Cl)cc1)n2cncn2,-3.61
Oc2ccc1ncccc1c2,-2.16
O=C1N(COC(=O)CCCCCCC)C(=O)C(N1)(c2ccccc2)c3ccccc3,-6.523
O=N(=O)c1ccccc1,-1.8
CC(=O)CC(c1ccc(Cl)cc1)c2c(O)c3ccccc3oc2=O,-5.839
CCCCCCCCCCCCCC,-7.96
N(Nc1ccccc1)c2ccccc2,-2.92
CC(C)CCO,-0.51
CCOCC,-0.09
CCCCCCCCCCCCO,-4.8
CCCCC#C,-2.36
CC(C)=CCCC(O)(C)C=C,-1.99
CC1CCCCC1,-3.85
CN(C)C(=O)Nc1cccc(OC(=O)NC(C)(C)C)c1,-2.93
c1ccccc1n2ncc(N)c(Br)c2(=O),-3.127
OCC2OC(OC1(CO)OC(CO)C(O)C1O)C(O)C(O)C2O,0.79
Cc1cccc2c1Cc3ccccc32,-5.22
Cc1cc(no1)C(=O)NNCc2ccccc2,-2.461
CCCCCCl,-2.73
CCOc1ccccc1,-2.33
CC34CC(=O)C1C(CCC2=CC(=O)CCC12C)C3CCC4(=O),-3.48
c1ccc2c(c1)cc3ccc4cccc5ccc2c3c45,-8.699
Nc1ccc(cc1)N(=O)=O,-2.37
O=c1cc[nH]c(=O)[nH]1,-1.4880000000000002
o1c2ccccc2c3ccccc13,-4.6
c1ccc2c(c1)ccc3c4ccccc4ccc23,-8.057
CC1CCCC1,-3.3
Nc3ccc2cc1ccccc1cc2c3,-5.17
CCCCCCCCCCCCCCCC,-8.4
O=C1NC(=O)NC(=O)C1(CC=C)CC=C,-2.077
CC(=O)OC3(CCC4C2C=C(C)C1=CC(=O)CCC1(C)C2CCC34C)C(C)=O,-5.35
O2c1cc(C)ccc1N(C)C(=O)c3cc(N)cnc23,-3.043
Oc1cccc2cccnc12,-2.42
c2ccc1nc(ccc1c2)c4ccc3ccccc3n4,-5.4
COc1ccc(Cl)cc1,-2.78
c2ccc1[nH]nnc1c2,-0.78
C1=Cc2cccc3cccc1c23,-3.96
CCCCCO,-0.6
ClCCl,-0.63
CCCCCC(=O)C,-1.45
Cc1cccc(C)c1,-2.82
CC34CC(O)C1(F)C(CCC2=CC(=O)CCC12C)C3CCC4(O)C(=O)CO,-3.43
OCC1OC(CO)(OC2OC(COC3OC(CO)C(O)C(O)C3O)C(O)C(O)C2O)C(O)C1O,-0.41
Oc1ccc(Cl)cc1Cc2cc(Cl)ccc2O,-3.953
CNc1ccccc1,-1.28
COc1ccccc1O,-1.96
Oc1ccc(cc1)N(=O)=O,-0.74
O=C(c1ccccc1)c2ccccc2,-3.12
CCC1(CCC(=O)NC1=O)c2ccccc2,-2.337
CCCOC(C)C,-1.34
Clc1ccc(Br)cc1,-3.63
COC(=O)c1cccnc1,-0.46
CCCCCOC(=O)C,-1.89
CC1(C)C(C(=O)OC(C#N)c2cccc(Oc3ccccc3)c2)C1(C)C,-6.025
Clc1ccc(Cl)c(Cl)c1Cl,-4.57
CC(=O)c1ccccc1,-1.28
CCCC=C(CC)C=O,-2.46
CCN2c1cc(OC)cc(C)c1NC(=O)c3cccnc23,-5.153
OCC(O)C(O)C(O)C(O)CO,1.09
ClCCCl,-1.06
Nc1nc[nH]n1,0.522
Cc2ncc1nccnc1n2,-0.12
CCCCCCC(=O)C,-2.05
Cn2c(=O)on(c1ccc(Cl)c(Cl)c1)c2=O,-2.82
Cc1ncc(N(=O)=O)n1CCO,-1.22
CCC(C)O,0.47
Cc1cc(C)c(C)c(C)c1C,-4.0
Clc2ccc1oc(=O)[nH]c1c2,-2.8310000000000004
CCC(=O)OC3CCC4C2CCC1=CC(=O)CCC1(C)C2CCC34C,-5.37
Nc2nc1[nH]cnc1c(=O)[nH]2,-3.583
CCCCC(=O)C,-0.8
Oc1ccc(Cl)c(Cl)c1Cl,-2.67
O=N(=O)c1ccccc1N(=O)=O,-3.1
Clc1cccc(I)c1,-3.55
C1c2ccccc2c3cc4ccccc4cc13,-8.04
CCBr,-1.09
Oc1ccccc1O,0.62
Brc1cc(Br)c(Br)cc1Br,-6.98
Oc1ccc(Cl)cc1,-0.7
C=CC=C,-1.87
O=c2c(C3CCCc4ccccc43)c(O)c1ccccc1o2,-2.84
CCCC#C,-1.64
CN1CC(O)N(C1=O)c2nnc(s2)C(C)(C)C,-1.877
O=C1N(COC(=O)CC)C(=O)C(N1)(c2ccccc2)c3ccccc3,-4.907
CC(C#C)N(C)C(=O)Nc1ccc(Cl)cc1,-3.9
Ic1cccc2ccccc12,-4.55
CCc1ccc(CC)cc1,-3.75
CCOC(=O)NCCOc2ccc(Oc1ccccc1)cc2,-4.7
CC2=CC(=O)c1ccccc1C2=O,-3.03
CNC(=O)C=C(C)OP(=O)(OC)OC,0.6509999999999999
CCOC(=O)CCN(SN(C)C(=O)Oc1cccc2CC(C)(C)Oc21)C(C)C,-4.71
CC12CC(=O)C3C(CCC4=CC(=O)CCC34C)C2CCC1(O)C(=O)CO,-3.11
CCN(CC)C(=O)C(=CCOP(=O)(OC)OC)Cl,0.523
CCCCCCCCC(=O)OC,-3.38
NC(=O)NC1NC(=O)NC1=O,-1.6
C1CC=CC1,-2.1
Oc2ccc1CCCCc1c2,-1.99
CCCCOC(=O)CCCCCCCCC(=O)OCCCC,-3.896
CCCCC1C(=O)N(N(C1=O)c2ccc(O)cc2)c3ccccc3,-3.73
CCCOC,-0.39
CC34CCC1C(CCC2CC(=O)CCC12C)C3CCC4O,-4.743
COc5cc4OCC3Oc2c1CC(Oc1ccc2C(=O)C3c4cc5OC)C(C)=C,-4.42
c1c(O)C2C(=O)C3cc(O)ccC3OC2cc1(OC),-2.943
CCCCC(C)(C)O,-1.08
ClC1=C(Cl)C(Cl)(C(=C1Cl)Cl)C2(Cl)C(=C(Cl)C(=C2Cl)Cl)Cl,-7.278
C1c2ccccc2c3ccccc13,-5.0
CC1=C(C(=O)Nc2ccccc2)S(=O)(=O)CCO1,-2.281
c1(C#N)c(Cl)c(C#N)c(Cl)c(Cl)c(Cl)1,-5.64
Cc1ccc2ccccc2c1,-3.77
c1cc2ccc3ccc4ccc5ccc6ccc1c7c2c3c4c5c67,-9.332
CC(C)CCOC=O,-1.52
CCN2c1cc(N(C)C)cc(C)c1NC(=O)c3cccnc23,-4.871
Cn1ccc(=O)[nH]c1=O,-0.807
CC1CCCCC1NC(=O)Nc2ccccc2,-4.11
CC(C)SC(C)C,-2.24
CN(C=Nc1ccc(C)cc1C)C=Nc2ccc(C)cc2C,-5.47
Clc1cc(Cl)c(c(Cl)c1)c2c(Cl)cccc2Cl,-7.32
c2ccc1[nH]ccc1c2,-1.52
O=C1NC(=O)NC(=O)C1(C(C)C)CC=C,-1.7080000000000002
CCC(C)(C)CC,-4.23
CCNC(=S)NCC,-1.46
O=C1NC(=O)NC(=O)C1(CC)c1ccccc1,-2.322
CCNc1nc(Cl)nc(NC(C)C)n1,-3.85
Oc1ccc(cc1)c2ccccc2,-3.48
CC23Cc1cnoc1C=C2CCC4C3CCC5(C)C4CCC5(O)C#C,-5.507000000000001
ClC(Cl)=C(c1ccc(Cl)cc1)c2ccc(Cl)cc2,-6.9
ClC(Cl)(Cl)C(Cl)(Cl)Cl,-3.67
COc2c1occc1c(OC)c3c(=O)cc(C)oc23,-3.0210000000000004
CC1=CC(=O)CC(C)(C)C1,-1.06
c1ccc2c(c1)sc3ccccc23,-4.38
CC(C)OC(=O)C(O)(c1ccc(Br)cc1)c2ccc(Br)cc2,-4.93
CCCOC=O,-0.49
Cc1ccc(O)cc1,-0.73
CCCCBr,-2.37
COC(C)(C)C,-0.24
c1cc(C)cc2c1c3cc4cccc5CCc(c45)c3cc2,-7.92
CCN(CC)c1nc(Cl)nc(n1)N(CC)CC,-4.4110000000000005
CC34CCC1C(CCC2=CC(=O)CCC12C)C3CCC4=O,-3.69
COP(=S)(OC)Oc1ccc(SC)c(C)c1,-4.57
ClC(Cl)Cl,-1.17
CN(C)C(=O)Nc1cccc(c1)C(F)(F)F,-3.43
NS(=O)(=O)c3cc2c(NC(Cc1ccccc1)NS2(=O)=O)cc3C(F)(F)F,-3.59
Clc1cccc(c1)N(=O)=O,-2.77
C=CCC=C,-2.09
CCC(C)C(=O)OC2CC(C)C=C3C=CC(C)C(CCC1CC(O)CC(=O)O1)C23,-6.005
CCCC(=O)OC,-1.92
c1ccc2c(c1)c3cccc4c3c2cc5ccccc54,-8.23
CCCCC(O)CC,-1.47
CC34CCC1C(=CCc2cc(O)ccc12)C3CCC4=O,-5.282
c1ccc(Cl)cc1C(c2ccc(Cl)cc2)(O)C(=O)OC(C)C,-4.53
Clc1ccc(c(Cl)c1)c2c(Cl)c(Cl)c(Cl)c(Cl)c2Cl,-7.92
c1ccccc1O,0.0
Clc1cc(Cl)c(c(Cl)c1)c2c(Cl)cc(Cl)cc2Cl,-8.71
Cc1cc(C)c2ccccc2c1,-4.29
C=C,-0.4
Fc1cccc(F)c1C(=O)NC(=O)Nc2ccc(Cl)cc2,-6.02
CC2Cc1ccccc1N2NC(=O)c3ccc(Cl)c(c3)S(N)(=O)=O,-3.5860000000000003
NS(=O)(=O)c2cc1c(NCNS1(=O)=O)cc2Cl,-2.63
Cc1cccc(C)n1,0.45
FC(F)(Cl)C(F)(Cl)Cl,-3.04
CC1=CCCCC1,-3.27
CCCCCCCCC(=O)OCC,-3.8
Cc2cccc3sc1nncn1c23,-2.07
CCSSCC,-2.42
CCC2NC(=O)c1cc(c(Cl)cc1N2)S(N)(=O)=O,-3.29
CN(C)C(=O)NC1CCCCCCC1,-2.218
Clc1c(Cl)c(Cl)c(N(=O)=O)c(Cl)c1Cl,-5.82
CCCC(=O)C,-0.19
CCCCc1ccccc1,-4.06
CSc1nnc(c(=O)n1N)C(C)(C)C,-2.253
Clc1ccc(c(Cl)c1Cl)c2ccc(Cl)c(Cl)c2Cl,-8.01
O=C1N(COC(=O)CCC)C(=O)C(N1)(c2ccccc2)c3ccccc3,-5.071000000000001
CN(C)C(=O)Oc1nc(nc(C)c1C)N(C)C,-1.95
CCCCCCc1ccccc1,-5.21
C1CCc2ccccc2C1,-4.37
CCCCI,-2.96
CNN,1.34
CC34CC(O)C1(F)C(CCC2=CC(=O)C=CC12C)C3CC(O)C4(O)C(=O)CO,-3.68
COc1ccccc1OCC(O)COC(N)=O,-0.985
CCN2c1nc(N(C)(CCO))ccc1NC(=O)c3cccnc23,-3.36
COc1ccccc1N(=O)=O,-1.96
CCCCCCCCCCO,-3.63
CCC#N,0.28
CCN2c1ccccc1N(C)C(=S)c3cccnc23,-4.706
ClC1=C(Cl)C2(Cl)C3C4CC(C=C4)C3C1(Cl)C2(Cl)Cl,-6.307
Cc1ccc(O)cc1C,-1.38
CC(OC(=O)Nc1cccc(Cl)c1)C#C,-2.617
C2c1ccccc1N(CCF)C(=O)c3ccccc23,-4.799
ClC(Cl)C(Cl)(Cl)Cl,-2.6
CCCOC(=O)C,-0.72
CC1CC2C3CCC4=CC(=O)C=CC4(C)C3(F)C(O)CC2(C)C1(O)C(=O)CO,-3.59
CC(C)N(C(C)C)C(=O)SCC(Cl)=C(Cl)Cl,-4.88
ClC(Cl)(Cl)C#N,-2.168
CCOCCOCC,-0.77
ClCCC#N,-0.29
CC(C)CCC(C)(C)C,-5.05
O=C2NC(=O)C1(CCCCCC1)C(=O)N2,-3.168
CC(C)COC=O,-1.01
O=N(=O)c1cc(cc(c1)N(=O)=O)N(=O)=O,-2.89
CCCCNC(=O)n1c(NC(=O)OC)nc2ccccc12,-4.883
CC3C2CCC1(C)C=CC(=O)C(=C1C2OC3=O)C,-3.09
Sc2nc1ccccc1s2,-3.18
Cc1ncnc2nccnc12,-0.466
O=c2[nH]c(=O)c1[nH]c(=O)[nH]c1[nH]2,-3.93
Brc1ccccc1Br,-3.5
CO,1.57
c1ccccc1SC,-2.39
CN2C(=C(O)c1ccccc1S2(=O)=O)C(=O)Nc3ccccn3,-4.16
CC(=O)Nc1ccccc1,-1.33
Nc1cc(nc(N)n1=O)N2CCCCC2,-1.989
O=Cc1ccco1,-0.1
Fc1c[nH]c(=O)[nH]c1=O,-1.077
CCCN(CCC)c1c(cc(cc1N(=O)=O)S(N)(=O)=O)N(=O)=O,-5.16
CCOP(=S)(OCC)SCSCC,-4.11
CCOC(=O)c1ccc(O)cc1,-2.35
c1ccc2ncccc2c1,-1.3
CCC1(CC)C(=O)NC(=O)N(C)C1=O,-2.23
CC13CCC(=O)C=C1CCC4C2CCC(C(=O)CO)C2(CC(O)C34)C=O,-3.85
CCCC,-2.57
CC(C)COC(=O)C,-1.21
CCCCCCCCCCCCCCCCCCCCCCCCCC,-8.334
CCC(=O)OC,-0.14
CCCCCCCC(=O)C,-2.58
CCc1ccc(C)cc1,-3.11
O=C1NC(=O)NC(=O)C1(CC)C(C)C,-2.148
CN(C)C(=O)C,1.11
CCCCC1C(=O)N(N(C1=O)c2ccccc2)c3ccccc3,-3.81
CCSC(=O)N(CC)C1CCCCC1,-3.4
CC34CCC1C(CCc2cc(O)ccc12)C3CCC4(O)C#C,-4.3
COc1ccc(cc1)C(O)(C2CC2)c3cncnc3,-2.596
CCCCCl,-2.03
c1ccc2ccccc2c1,-3.6
CN(C)C(=O)NC1CC2CC1C3CCCC23,-3.1710000000000003
O=C1NC(=O)NC(=O)C1(CC)CCC(C)C,-2.658
CCc1ccccn1,0.51
Oc1c(Cl)cc(Cl)c(Cl)c1Cl,-3.1
CCSC(=O)N(CC(C)C)CC(C)C,-3.68
BrC(Br)(Br)Br,-3.14
CCNc1nc(Cl)nc(n1)N(CC)CC,-4.06
CC(C)OP(=S)(OC(C)C)SCCNS(=O)(=O)c1ccccc1,-4.2
C=Cc1ccccc1,-2.82
Nc1ncnc2n(ccc12)C3OC(CO)C(O)C3O,-1.95
CCC1(C(=O)NC(=O)NC1=O)C2=CCCCC2,-2.17
CC(C)c1ccc(NC(=O)N(C)C)cc1,-3.536
CCCC(=O)OCC,-1.36
Oc1cccc(Cl)c1,-0.7
c1cc2ccc3cccc4ccc(c1)c2c34,-6.176
COC(=O)C=C,-0.22
Clc1ccc(c(Cl)c1)c2cc(Cl)ccc2Cl,-6.57
C1OC(O)C(O)C(O)C1O,0.39
CCN2c1ncccc1N(C)C(=S)c3cccnc23,-4.634
Cc3ccnc4N(C1CC1)c2ncccc2C(=O)Nc34,-3.19
Cc1cc2c3ccccc3ccc2c4ccccc14,-6.57
FC(F)(F)C(Cl)Br,-1.71
OCC1OC(C(O)C1O)n2cnc3c(O)ncnc23,-1.23
CC12CC(O)C3C(CCC4=CC(=O)CCC34C)C2CCC1(O)C(=O)CO,-3.09
CCCCCC,-3.84
CC=C(C(=CC)c1ccc(O)cc1)c2ccc(O)cc2,-4.95
CCCCCCCCCO,-3.01
ClC=C(Cl)Cl,-1.96
CCOP(=S)(OCC)N2C(=O)c1ccccc1C2=O,-3.35
OC(Cn1cncn1)(Cn2cncn2)c3ccc(F)cc3F,-1.8
Cn1cnc2n(C)c(=O)[nH]c(=O)c12,-2.523
OCc1ccccc1,-0.4
COc1ccc(cc1)C(c2ccc(OC)cc2)C(Cl)(Cl)Cl,-6.89
Fc1ccccc1,-1.8
CCC1CCCCC1,-4.25
CCCBr,-1.73
CC(=O)C(C)(C)C,-0.72
CC(=O)N(S(=O)c1ccc(N)cc1)c2onc(C)c2C,-3.59
Cc3cc2nc1c(=O)[nH]c(=O)nc1n(CC(O)C(O)C(O)CO)c2cc3C,-3.685
CCOC(C)OCC,-0.43
O=C1NC(=O)NC(=O)C1(CC)C(C)CC,-2.39
O=C1CCCCC1,-0.6
CCCCCCCBr,-4.43
OC4=C(C1CCC(CC1)c2ccc(Cl)cc2)C(=O)c3ccccc3C4=O,-5.931
CCCC(C)(COC(N)=O)COC(N)=O,-1.807
COc1ccccc1,-1.85
CCCC(=O)CCC,-1.3
Oc1c(Cl)ccc(Cl)c1Cl,-2.64
COP(=S)(OC)Oc1cc(Cl)c(Cl)cc1Cl,-5.72
CCOC(=O)N,0.85
ClC(Br)Br,-1.9
Nc3cc2c1ccccc1ccc2c4ccccc34,-6.2
Cc1c2ccccc2cc3ccccc13,-5.89
Oc1cccc2ncccc12,-2.54
COc1cccc(Cl)c1,-2.78
CC(C)CC(C)(C)O,-0.92
CCCOCC,-0.66
Clc1cccc(n1)C(Cl)(Cl)Cl,-3.76
CCN2c1nc(C)cc(C(F)(F)F)c1NC(=O)c3cccnc23,-4.207
Clc1ccc(CN(C2CCCC2)C(=O)Nc3ccccc3)cc1,-5.915
CCOP(=S)(OCC)Oc1nc(Cl)n(n1)C(C)C,-3.658
ClC(Cl)C(Cl)Cl,-1.74
CCC(CC)C=O,-1.52
CSc1nc(nc(n1)N(C)C)N(C)C,-2.676
CCC#C,-1.24
CCCCCCCCCC(C)O,-2.94
CCOP(=S)(OCC)Oc1ccc(cc1)N(=O)=O,-4.66
CCCCC(=O)OC3(C(C)CC4C2CCC1=CC(=O)C=CC1(C)C2(F)C(O)CC34C)C(=O)CO,-4.71
CNC(=O)ON=C(SC)C(=O)N(C)C,0.106
O=C1c2ccccc2C(=O)c3ccccc13,-5.19
Cc1cccc2c1ccc3ccccc32,-5.85
Cc1ccc(O)c(C)c1,-1.19
CNC(=O)Oc1cccc2CC(C)(C)Oc12,-2.8
Clc1ccc(c(Cl)c1)c2cc(Cl)c(Cl)c(Cl)c2Cl,-7.39
CCCCCCC=C,-4.44
CCC(C)(O)CC,-0.36
CCN(CC)C(=S)SCC(Cl)=C,-3.39
CCC(Br)(CC)C(=O)NC(N)=O,-2.68
Cc1cc(cc(N(=O)=O)c1O)N(=O)=O,-1.456
c2ccc1[nH]ncc1c2,-2.16
Nc1ccc(cc1)c2ccc(N)cc2,-2.7
c2cnc1ncncc1n2,0.02
Clc1ccc(cc1Cl)c2ccccc2,-6.39
COc2cnc1cncnc1n2,-0.91
CCCCc1c(C)nc(NCC)[nH]c1=O,-3.028
CN(C(=O)NC(C)(C)c1ccccc1)c2ccccc2,-3.35
Sc1ccccc1,-2.12
CCC(C)Cl,-1.96
CC12CC2(C)C(=O)N(C1=O)c3cc(Cl)cc(Cl)c3,-4.8
ClCCBr,-1.32
CCC(O)(CC)CC,-0.85
O2c1ccccc1N(CC)C(=O)c3ccccc23,-3.68
CCc1ccccc1CC,-3.28
CCCCCCCCO,-2.39
c1ccoc1,-0.82
Clc1ccc(cc1)N(=O)=O,-2.92
c2c(C)cc1nc(C)ccc1c2,-1.94
CC#N,0.26
CCC1(C(=O)NCNC1=O)c2ccccc2,-2.64
CCC(C(CC)c1ccc(O)cc1)c2ccc(O)cc2,-4.43
CCN2c1nc(Cl)ccc1N(C)C(=O)c3cccnc23,-4.114
CCCCCc1ccccc1,-4.64
CC1(C)C(C=C(Cl)Cl)C1C(=O)OCc2cccc(Oc3ccccc3)c2,-6.291
c1ccc2cc3c4cccc5cccc(c3cc2c1)c45,-8.49
CCCCOC,-0.99
CON(C)C(=O)Nc1ccc(Cl)cc1,-2.57
Clc1ccc(Cl)cc1,-3.27
O=Cc1ccccc1,-1.19
CC(=O)Nc1cc(NS(=O)(=O)C(F)(F)F)c(C)cc1C,-3.24
Cc1ccc(Cl)cc1,-3.08
OC1CCCCCCC1,-1.29
CCO,1.1
CCCCOC=O,-1.37
O=c2[nH]c1CCCc1c(=O)n2C3CCCCC3,-4.593999999999999
Nc1ncnc2nc[nH]c12,-2.12
CC(C)C(=O)C(C)C,-1.3
Nc1nc(O)nc2nc[nH]c12,-3.401
CCCc1ccccc1,-3.37
CC1(C)C(C=C(Cl)Cl)C1C(=O)OC(C#N)c2ccc(F)c(Oc3ccccc3)c2,-7.337000000000001
Oc1ccc(C=O)cc1,-0.96
O=C1N(COC(=O)CCCCCC)C(=O)C(N1)(c2ccccc2)c3ccccc3,-6.301
CC(C)OC(=O)C,-0.55
ICI,-2.34
CCNc1nc(Cl)nc(NCC)n1,-4.55
OC1C=CC2C1C3(Cl)C(=C(Cl)C2(Cl)C3(Cl)Cl)Cl,-5.46
Brc1ccc(I)cc1,-4.56
CCCCCC(O)CC,-1.98
CC(C)CO,0.1
CN(C)C(=O)SCCCCOc1ccccc1,-3.927
Clc1ccccc1I,-3.54
CCOP(=S)(OCC)SCSc1ccc(Cl)cc1,-5.736000000000001
CCC(C)c1cc(cc(N(=O)=O)c1O)N(=O)=O,-3.38
c1(C(=O)OCCCCCC(C)(C))c(C(=O)OCCCCCC(C)(C))cccc1,-6.6370000000000005
CC(C)C(C)(C)C,-4.36
CC(=C)C=C,-2.03
CCNc1ccccc1,-1.7
NC(N)=NC#N,-0.31
CCOC=O,0.15
CCC(=O)Nc1ccc(Cl)c(Cl)c1,-3.0
BrC(Cl)Cl,-1.54
C1C=CCC=C1,-2.06
Nc1cccc(c1)N(=O)=O,-2.19
O=C1NC(=O)NC(=O)C1(CC=C)c1ccccc1,-2.369
CN(C)c1nc(nc(n1)N(C)C)N(C)C,-3.364
CCC(C)C1(CC=C)C(=O)NC(=O)NC1=O,-2.016
CC(=O)C3(C)CCC4C2C=C(C)C1=CC(=O)CCC1(C)C2CCC34C,-5.27
CCCCC(=O)OCC,-2.25
CCCCC(=O)CCCC,-2.58
c2ccc1ocnc1c2,-1.16
C1OC1c2ccccc2,-1.6
O=C1CCC(=O)N1,0.3
CC1CC2C3CC(F)C4=CC(=O)C=CC4(C)C3(F)C(O)CC2(C)C1(O)C(=O)CO,-5.613
CCCCC(C)(O)CC,-1.6
O=C1NC(=O)NC(=O)C1(C)CC=C,-1.16
Clc1cc(Cl)c(Cl)c(Cl)c1,-4.63
CC(Cl)(Cl)Cl,-2.0
NC(=O)CCl,-0.02
Oc1c(Cl)cc(Cl)cc1Cl,-2.34
CCCCCCCCCCCCCCCCCCCC,-8.172
Clc1ccc(Cl)c(c1)c2cccc(Cl)c2Cl,-6.47
COC(=O)c1ccccc1,-1.85
Clc1cccc(Cl)c1c2c(Cl)cccc2Cl,-7.39
O=N(=O)c1c(Cl)c(Cl)ccc1,-3.48
CC(C)C(C)C,-3.65
CC(C)C1CCC(C)CC1=O,-2.35
CC1CCCO1,0.11
ClCC#CCOC(=O)Nc1cccc(Cl)c1,-4.37
CCNc1nc(NC(C)(C)C)nc(OC)n1,-3.239
CCNc1nc(NC(C)(C)C)nc(SC)n1,-4.0
NC(=O)N,0.96
CC(=O)Nc1ccc(F)cc1,-1.78
CCSCc1ccccc1OC(=O)NC,-2.09
FC(F)(Cl)C(F)(F)Cl,-2.74
COP(=S)(OC)SCC(=O)N(C(C)C)c1ccc(Cl)cc1,-4.432
CC,-1.36
Brc1cc(Br)cc(Br)c1,-5.6
CC1OC(CC(O)C1O)OC2C(O)CC(OC2C)OC8C(O)CC(OC7CCC3(C)C(CCC4C3CCC5(C)C(CCC45O)C6=CC(=O)OC6)C7)OC8C,-5.292999999999999
CCCCCCBr,-3.81
CCCCCOC(=O)CC,-1.28
CCN(Cc1c(F)cccc1Cl)c2c(cc(cc2N(=O)=O)C(F)(F)F)N(=O)=O,-6.78
CCOC(=O)C=Cc1ccccc1,-3.0
ClC(Cl)C(c1ccc(Cl)cc1)c2ccc(Cl)cc2,-7.2
CCCCCCCI,-4.81
CCCCCC(C)(C)O,-1.72
c1cc2ccc3ccc4ccc5cccc6c(c1)c2c3c4c56,-9.018
Oc2ncc1nccnc1n2,-1.947
C=CCS(=O)SCC=C,-0.83
Clc1cc(Cl)c(Cl)c(Cl)c1Cl,-5.65
Clc1cc(Cl)c(Cl)c(c1Cl)c2c(Cl)c(Cl)cc(Cl)c2Cl,-9.15
CC(C)C(O)C(C)C,-1.22
CSCS(=O)CC(CO)NC(=O)C=Cc1c(C)[nH]c(=O)[nH]c1=O,-1.981
CI,-1.0
CCCCCCCCC=C,-5.51
COCOC,0.48
C/C=C/C=O,0.32
CNC(=O)ON=C(CSC)C(C)(C)C,-1.62
BrC(Br)Br,-1.91
COc1c(O)c(Cl)c(Cl)c(Cl)c1Cl,-4.02
Cc1c(C)c2c3ccccc3ccc2c4ccccc14,-7.01
CCCCC1(CC)C(=O)NC(=O)NC1=O,-1.661
c1ccc2cc3ccccc3cc2c1,-6.35
CCC(O)CC,-0.24
CC34CCC1C(CC=C2CC(O)CCC12C)C3CCC4=O,-4.12
CCc1ccccc1,-2.77
c3ccc2c(O)c1ccccc1cc2c3,-4.73
OC(C1=CC2C5C(C1C2=C(c3ccccc3)c4ccccn4)C(=O)NC5=O)(c6ccccc6)c7ccccn7,-3.931
C1Cc2cccc3cccc1c23,-4.63
OCC(O)C2OC1OC(OC1C2O)C(Cl)(Cl)Cl,-1.84
CC(C)N(C(=O)CCl)c1ccccc1,-2.48
c1ccccc1(OC(=O)NC),-1.803
Cn1cnc2n(C)c(=O)n(C)c(=O)c12,-0.8759999999999999
CON(C)C(=O)Nc1ccc(Br)c(Cl)c1,-3.924
Clc1ccccc1,-2.38
N(c1ccccc1)c2ccccc2,-3.504
CCOP(=S)(OCC)SC(CCl)N1C(=O)c2ccccc2C1=O,-6.34
Clc1ccccc1C2=NCC(=O)Nc3ccc(cc23)N(=O)=O,-3.499
Nc1ccccc1O,-0.72
CCCCCCCO,-1.81
CCCC(C)(O)CC,-0.98
CNC(=O)C(C)SCCSP(=O)(OC)(OC),1.144
ClCCCCl,-1.62
COC1=CC(=O)CC(C)C13Oc2c(Cl)c(OC)cc(OC)c2C3=O,-3.2460000000000004
CCOP(=S)(OCC)SCn1c(=O)oc2cc(Cl)ccc12,-5.233
CC(C)C(=O)C,-0.12
c1(O)c(C)ccc(C(C)C)c1,-2.08
CC1(C)C2CCC1(C)C(=O)C2,-1.96
CC/C=C\C,-2.54
CC(C)CBr,-2.43
C=CCCC=C,-2.68
c1ccc(cc1)c2ccccc2,-4.345
CC(C)=CCCC(C)=CC(=O),-2.06
Cc1c(F)c(F)c(COC(=O)C2C(C=C(Cl)C(F)(F)F)C2(C)C)c(F)c1F,-7.321000000000001
O=N(=O)OCC(CON(=O)=O)ON(=O)=O,-2.22
Ic1ccccc1,-3.01
Clc1cccc(Br)c1,-3.21
CCCC(=O)CC,-0.83
Nc2cccc3nc1ccccc1cc23,-4.22
CC1=C(CCCO1)C(=O)Nc2ccccc2,-2.56
COC(=O)c1ccc(O)cc1,-1.827
CC(C)CC(C)C,-4.26
c1ccccc1C(O)c2ccccc2,-2.55
COCC(=O)N(C(C)C(=O)OC)c1c(C)cccc1C,-1.601
CCCCCCCCCCCCCCO,-5.84
CCCCCCCCCC(=O)OCC,-4.1
OC(CC(c1ccccc1)c3c(O)c2ccccc2oc3=O)c4ccc(cc4)c5ccc(Br)cc5,-4.445
CCC(C)C1(CC(Br)=C)C(=O)NC(=O)NC1=O,-2.647
CCI,-1.6
O=C1NC(=O)C(=O)C(=O)N1,-1.25
CC12CCC(=O)C=C1CCC3C2CCC4(C)C3CCC4(O)C#C,-5.66
CCOc2ccc1nc(sc1c2)S(N)(=O)=O,-3.81
Fc1ccc(F)cc1,-1.97
Clc1ccc(c(Cl)c1Cl)c2c(Cl)cc(Cl)c(Cl)c2Cl,-7.66
Cc1ccccc1Br,-2.23
Cc1cccc(O)c1,-0.68
CCc1ccc2ccccc2c1,-4.29
CCN(CC(C)=C)c1c(cc(cc1N(=O)=O)C(F)(F)F)N(=O)=O,-6.124
NC(=N)NS(=O)(=O)c1ccc(N)cc1,-1.99
NC(=S)N,0.32
CC(=O)Nc1nnc(s1)S(N)(=O)=O,-2.36
Nc1ccc(cc1)S(=O)(=O)c2ccc(N)cc2,-3.094
CC1(C)CON(Cc2ccccc2Cl)C1=O,-2.338
Cc1ccc(C)cc1,-2.77
CCCCCCCCCCCCCCCO,-6.35
CCCCCCC#C,-3.66
c2(Cl)c(Cl)c(Cl)c1nccnc1c2(Cl),-5.43
CCC1(C(=O)NC(=O)NC1=O)c2ccccc2,-2.322
CC1(O)CCC2C3CCC4=CC(=O)CCC4(C)C3CCC21C,-3.999
CCOC(=O)CC,-0.66
Nc1cc[nH]c(=O)n1,-1.155
c2ccc1NCCc1c2,-1.04
O=C1NC(=O)NC(=O)C1(C)C,-1.742
C(Cc1ccccc1)c2ccccc2,-4.62
Clc1cccc(c1Cl)c2c(Cl)c(Cl)cc(Cl)c2Cl,-8.6
CCCCCCCC#C,-4.24
OCC(O)C(O)CO,0.7
Cc1cccc2c(C)cccc12,-4.678999999999999
CCC(C)CCO,-0.71
BrCBr,-1.17
CC(C)CCOC(=O)C,-1.92
CCC1(CCC(C)C)C(=O)NC(=O)NC1=O,-2.468
CCN(CC)C(=O)CSc1ccc(Cl)nn1,-1.716
CCOP(=S)(OCC)SC(CCl)N2C(=O)c1ccccc1C2=O,-6.34
CC(=O)OC3(C)CCC4C2CCC1=CC(=O)CCC1(C)C2CCC34C,-5.284
CN(C)C(=O)N(C)C,0.94
CN(C(=O)COc1nc2ccccc2s1)c3ccccc3,-4.873
Oc1ccccc1N(=O)=O,-1.74
CC(=C)C1CC=C(C)C(=O)C1,-2.06
Clc1cc(c(Cl)c(Cl)c1Cl)c2cc(Cl)c(Cl)c(Cl)c2Cl,-9.16
CCC(CC)CO,-1.17
CC(C)C(Nc1ccc(cc1Cl)C(F)(F)F)C(=O)OC(C#N)c2cccc(Oc3ccccc3)c2,-8.003
Nc1ccccc1N(=O)=O,-1.96
c1ccc2c(c1)c3cccc4ccc5cccc2c5c43,-7.8
Cn2c(=O)n(C)c1ncn(CC(O)CO)c1c2=O,-0.17
CC(C)CC(C)(C)C,-4.74
CCCN(CCC)c1c(cc(cc1N(=O)=O)C(C)C)N(=O)=O,-6.49
CC34CCC1C(CCc2cc(O)ccc12)C3CC(O)C4O,-4.955
CCC(C)CO,-0.47
CC(=O)C3CCC4C2CC=C1CC(O)CCC1(C)C2CCC34C,-4.65
CCCCCCCl,-3.12
CC1(C)C(C=C(Cl)Cl)C1C(=O)OC(C#N)c2cccc(Oc3ccccc3)c2,-8.017000000000001
C/C1CCCCC1\C,-4.3
Clc1ccc(I)cc1,-4.03
Oc1cccc(Cl)c1Cl,-1.3
COC(C)(C)CCCC(C)CC=CC(C)=CC(=O)OC(C)C,-5.19
CCN2c1ccccc1N(C)C(=O)c3ccccc23,-4.749
O=C1CNC(=O)N1,-0.4
Clc2c(Cl)c(Cl)c(c1ccccc1)c(Cl)c2Cl,-7.92
ClC(Cl)C(c1ccc(Cl)cc1)c2ccccc2Cl,-6.51
CCCCCCC,-4.53
COP(=S)(OC)Oc1ccc(cc1Cl)N(=O)=O,-4.31
CC12CCC(CC1)C(C)(C)O2,-1.74
CCN2c1ccccc1N(C)C(=O)c3cccnc23,-3.324
CCCCC(CC)CO,-2.11
CN(C)C(=O)Nc1ccc(Cl)cc1,-2.89
CNC(=O)Oc1cccc2ccccc12,-3.224
CCOC(=O)C,-0.04
CC(C)c1ccc(C)cc1O,-2.22
NNc1ccccc1,0.07
CN(C)C=Nc1ccc(Cl)cc1C,-2.86
CCCCCC(C)C,-5.08
CCSCC,-1.34
Cc1c[nH]c2ccccc12,-2.42
Clc1ccccc1Br,-3.19
Nc1cccc2ccccc12,-1.92
ClC1C=CC2C1C3(Cl)C(=C(Cl)C2(Cl)C3(Cl)Cl)Cl,-6.317
Cc1cccc2ccccc12,-3.7
Oc1ccccc1Cl,-1.06
Clc1c(Cl)c(Cl)c(c(Cl)c1Cl)c2c(Cl)c(Cl)c(Cl)c(Cl)c2Cl,-11.6
Cc1ccc(N)cc1,-1.21
O=C2NC(=O)C1(CCCC1)C(=O)N2,-2.349
O=C1CCCN1,1.07
c1cc(O)c(O)c2OCC3(O)CC4=CC(=O)C(O)=CC4=C3c21,-2.7
CCOP(=S)(OCC)SCSP(=S)(OCC)OCC,-5.54
c1c(NC(=O)c2ccccc2(I))cccc1,-4.21
Cc1cc(C)cc(O)c1,-1.4
CCCCCC(=O)OCC,-2.35
CN(C)C(=O)Nc1ccccc1,-1.6
CCNP(=S)(OC)OC(=CC(=O)OC(C)C)C,-3.408
C1CCOCC1,-0.03
CC1=CCC(CC1)C(C)=C,-4.26
Clc1cccc(c1)c2cc(Cl)ccc2Cl,-6.01
CCCCl,-1.47
OCC2OC(Oc1ccccc1CO)C(O)C(O)C2O,-0.85
O=C1NC(=O)NC(=O)C1(CC)CC=C,-1.614
c1ccc(cc1)c2ccc(cc2)c3ccccc3,-7.11
Cc1cc(=O)n(c2ccccc2)n1C,0.715
Cc1ccc2cc(C)ccc2c1,-4.89
CCOP(=S)(OCC)Oc2ccc1oc(=O)c(Cl)c(C)c1c2,-5.382000000000001
CCCC(C)C1(CC=C)C(=O)NC(=S)NC1=O,-3.46
CCOP(=S)(OCC)Oc1cc(C)nc(n1)C(C)C,-3.64
CC45CCC2C(CCC3CC1SC1CC23C)C4CCC5O,-5.41
Oc1c(I)cc(C#N)cc1I,-3.61
OC(c1ccc(Cl)cc1)(c2cncnc2)c3ccccc3Cl,-4.38
CCNc1nc(NC(C)C)nc(OC)n1,-2.084
CC(=O)OCC(COC(=O)C)OC(=O)C,-0.6
Brc1ccccc1,-2.55
Brc1cccc(Br)c1,-3.54
Oc1cc(Cl)ccc1Oc2ccc(Cl)cc2Cl,-4.46
Oc1cc(Cl)c(Cl)c(Cl)c1Cl,-3.15
COc1ncnc2nccnc12,-1.11
c1cnc2c(c1)ccc3ncccc23,-2.68
CC(C)C,-2.55
COc1ccc(C=O)cc1,-1.49
Nc1cccc(Cl)c1,-1.37
CCCCC(CC)COC(=O)c1ccccc1C(=O)OCC(CC)CCCC,-6.96
ClC2=C(Cl)C3(Cl)C1C=CCC1C2(Cl)C3(Cl)Cl,-5.64
CCOC(=O)CC(=O)OCC,-0.82
Nc1ccc(Cl)cc1,-1.66
CCCCCC=O,-1.3
CCCC=C,-2.68
Oc1c(Cl)c(Cl)c(Cl)c(Cl)c1Cl,-4.28
CN(C)C(=O)Nc2ccc(Oc1ccc(Cl)cc1)cc2,-4.89
CCOC(=O)Nc2cccc(OC(=O)Nc1ccccc1)c2,-4.632
Cc1ccccc1N,-2.21
CCCC(C)(C)C,-4.36
CC(C)CCCO,-1.14
CCCCCC#C,-3.01
CCCC(C)C,-3.74
CCN2c1nc(C)cc(C)c1NC(=O)c3cccnc23,-4.553999999999999
ClC=C,-1.75
CCCCOCN(C(=O)CCl)c1c(CC)cccc1CC,-4.19
NS(=O)(=O)c2cc1c(N=CNS1(=O)=O)cc2Cl,-3.05
CCCCOc1ccc(C(=O)OCC)c(c1)N(CC)CC,-3.84
CCCC=O,-0.01
C/C1CCC(\C)CC1,-4.47
CCOP(=S)(NC(C)C)Oc1ccccc1C(=O)OC(C)C,-4.194
Cc1c2ccccc2c(C)c3ccccc13,-6.57
O=c1[nH]cnc2nc[nH]c12,-2.296
NS(=O)(=O)c2cc1c(NC(NS1(=O)=O)C(Cl)Cl)cc2Cl,-2.68
CCN(=O)=O,-0.22
CCN2c1ncccc1N(C)C(=O)c3cccnc23,-2.62
CCCCCCCCCCCCCCCCCCO,-8.4
CCCCC,-3.18
Nc2cnn(c1ccccc1)c(=O)c2Cl,-2.878
CCOC2Oc1ccc(OS(C)(=O)=O)cc1C2(C)C,-3.42
COc1ccc(NC(=O)N(C)C)cc1Cl,-2.564
CC(C)C(C)O,-0.18
Oc1ccc(Cl)cc1C(=O)Nc2ccc(cc2Cl)N(=O)=O,-4.7
Clc1ccccc1c2ccccc2Cl,-5.27
Oc1cc(Cl)cc(Cl)c1Cl,-2.67
c1cncnc1,1.1
CCN2c1cc(Cl)ccc1NC(=O)c3cccnc23,-5.36
NC(=O)c1cccnc1,0.61
Clc1ccc(Cl)c(c1)c2c(Cl)c(Cl)cc(Cl)c2Cl,-7.42
Cc1c(cccc1N(=O)=O)N(=O)=O,-3.0
CCOP(=S)(CC)Oc1cc(Cl)c(Cl)cc1Cl,-5.752000000000001
CCCCCC1CCCC1,-6.08
OCC1OC(O)C(O)C(O)C1O,0.74
c1ccncc1,0.76
O=c1[nH]cnc2[nH]ncc12,-2.266
O=C2NC(=O)C1(CC1)C(=O)N2,-1.886
c1ccc2c(c1)ccc3ccccc32,-5.26
COc1ccccc1Cl,-2.46
COC=O,0.58
Clc1cccc(Cl)c1c2ccccc2,-5.21
CC(C)OC(=O)Nc1cccc(Cl)c1,-3.38
